"variable","response","base"
"thetao_max",0.00613513987662141,-1.58181195615072
"thetao_max",0.00613513987662141,-1.2482465910378
"thetao_max",0.00613513987662141,-0.914681225924877
"thetao_max",0.00613513987662141,-0.581115860811955
"thetao_max",0.00613513987662141,-0.247550495699032
"thetao_max",0.00613513987662141,0.0860148694138898
"thetao_max",0.00613513987662141,0.419580234526812
"thetao_max",0.00613513987662141,0.753145599639734
"thetao_max",0.00613513987662141,1.08671096475266
"thetao_max",0.00613513987662141,1.42027632986558
"thetao_max",0.00613513987662141,1.7538416949785
"thetao_max",0.00613513987662141,2.08740706009142
"thetao_max",0.00613513987662141,2.42097242520434
"thetao_max",0.00613513987662141,2.75453779031727
"thetao_max",0.00613513987662141,3.08810315543019
"thetao_max",0.00613513987662141,3.42166852054311
"thetao_max",0.00613513987662141,3.75523388565603
"thetao_max",0.00613513987662141,4.08879925076896
"thetao_max",0.00613513987662141,4.42236461588188
"thetao_max",0.00613513987662141,4.7559299809948
"thetao_max",0.00613513987662141,5.08949534610772
"thetao_max",0.00613513987662141,5.42306071122064
"thetao_max",0.00613513987662141,5.75662607633357
"thetao_max",0.00613513987662141,6.09019144144649
"thetao_max",0.00613513987662141,6.42375680655941
"thetao_max",0.00613513987662141,6.75732217167233
"thetao_max",0.00613513987662141,7.09088753678525
"thetao_max",0.00613513987662141,7.42445290189818
"thetao_max",0.00613513987662141,7.7580182670111
"thetao_max",0.00613513987662141,8.09158363212402
"thetao_max",0.00613513987662141,8.42514899723694
"thetao_max",0.00613513987662141,8.75871436234987
"thetao_max",0.00613513987662141,9.09227972746279
"thetao_max",0.00613513987662141,9.42584509257571
"thetao_max",0.00613513987662141,9.75941045768863
"thetao_max",0.00613513987662141,10.0929758228016
"thetao_max",0.00613513987662141,10.4265411879145
"thetao_max",0.00613513987662141,10.7601065530274
"thetao_max",0.00613513987662141,11.0936719181403
"thetao_max",0.00613513987662141,11.4272372832532
"thetao_max",0.00613513987662141,11.7608026483662
"thetao_max",0.00613513987662141,12.0943680134791
"thetao_max",0.00613513987662141,12.427933378592
"thetao_max",0.00613513987662141,12.7614987437049
"thetao_max",0.00613513987662141,13.0950641088179
"thetao_max",0.00613513987662141,13.4286294739308
"thetao_max",0.00613513987662141,13.7621948390437
"thetao_max",0.00613513987662141,14.0957602041566
"thetao_max",0.00613513987662141,14.4293255692695
"thetao_max",0.00613513987662141,14.7628909343825
"thetao_max",0.00613513987662141,15.0964562994954
"thetao_max",0.00613513987662141,15.4300216646083
"thetao_max",0.00613513987662141,15.7635870297212
"thetao_max",0.00613513987662141,16.0971523948342
"thetao_max",0.00613513987662141,16.4307177599471
"thetao_max",0.00613513987662141,16.76428312506
"thetao_max",0.00613513987662141,17.0978484901729
"thetao_max",0.00613513987662141,17.4314138552858
"thetao_max",0.00613513987662141,17.7649792203988
"thetao_max",0.00613513987662141,18.0985445855117
"thetao_max",0.00613513987662141,18.4321099506246
"thetao_max",0.00613513987662141,18.7656753157375
"thetao_max",0.00613513987662141,19.0992406808505
"thetao_max",0.00613513987662141,19.4328060459634
"thetao_max",0.00613513987662141,19.7663714110763
"thetao_max",0.00613513987662141,20.0999367761892
"thetao_max",0.00613513987662141,20.4335021413021
"thetao_max",0.00613513987662141,20.7670675064151
"thetao_max",0.00613513987662141,21.100632871528
"thetao_max",0.00613513987662141,21.4341982366409
"thetao_max",0.00613513987662141,21.7677636017538
"thetao_max",0.00613513987662141,22.1013289668668
"thetao_max",0.00613513987662141,22.4348943319797
"thetao_max",0.00613513987662141,22.7684596970926
"thetao_max",0.00613513987662141,23.1020250622055
"thetao_max",0.00613513987662141,23.4355904273184
"thetao_max",0.00613513987662141,23.7691557924314
"thetao_max",0.00613513987662141,24.1027211575443
"thetao_max",0.00613513987662141,24.4362865226572
"thetao_max",0.00613513987662141,24.7698518877701
"thetao_max",0.00613513987662141,25.1034172528831
"thetao_max",0.00613513987662141,25.436982617996
"thetao_max",0.00613513987662141,25.7705479831089
"thetao_max",0.00613513987662141,26.1041133482218
"thetao_max",0.00613513987662141,26.4376787133347
"thetao_max",0.00613513987662141,26.7712440784477
"thetao_max",0.00613513987662141,27.1048094435606
"thetao_max",0.00613513987662141,27.4383748086735
"thetao_max",0.00613513987662141,27.7719401737864
"thetao_max",0.00613513987662141,28.1055055388993
"thetao_max",0.00613513987662141,28.4390709040123
"thetao_max",0.00613513987662141,28.7726362691252
"thetao_max",0.00613513987662141,29.1062016342381
"thetao_max",0.00613513987662141,29.439766999351
"thetao_max",0.00613513987662141,29.773332364464
"thetao_max",0.00613513987662141,30.1068977295769
"thetao_max",0.00613513987662141,30.4404630946898
"thetao_max",0.00613513987662141,30.7740284598027
"thetao_max",0.00613513987662141,31.1075938249157
"thetao_max",0.00613513987662141,31.4411591900286
"so_mean",0.000189548562158408,1.87206158239298
"so_mean",0.000197871427494866,2.25622452146788
"so_mean",0.000206559665037273,2.64038746054278
"so_mean",0.000215629307780255,3.02455039961768
"so_mean",0.000225097091658459,3.40871333869258
"so_mean",0.00023498048631121,3.79287627776749
"so_mean",0.000245297727188719,4.17703921684239
"so_mean",0.000256067849057874,4.56120215591729
"so_mean",0.000267310720968175,4.94536509499219
"so_mean",0.000279047082740891,5.32952803406709
"so_mean",0.000291298583047253,5.71369097314199
"so_mean",0.000304087819144244,6.0978539122169
"so_mean",0.000317438378339466,6.4820168512918
"so_mean",0.000331374881259607,6.8661797903667
"so_mean",0.000345923027000125,7.2503427294416
"so_mean",0.000361109640237089,7.6345056685165
"so_mean",0.000376962720385482,8.0186686075914
"so_mean",0.000393511492891835,8.40283154666631
"so_mean",0.0004107864627527,8.78699448574121
"so_mean",0.00042881947035435,9.17115742481611
"so_mean",0.000447643749733006,9.55532036389101
"so_mean",0.000467293989359078,9.93948330296591
"so_mean",0.000487806395553137,10.3236462420408
"so_mean",0.000509218758645851,10.7078091811157
"so_mean",0.000531570521998695,11.0919721201906
"so_mean",0.000554902854007072,11.4761350592655
"so_mean",0.000579258723212468,11.8602979983404
"so_mean",0.000604682976655417,12.2444609374153
"so_mean",0.000631222421606441,12.6286238764902
"so_mean",0.000658925910817662,13.0127868155651
"so_mean",0.000687844431443581,13.39694975464
"so_mean",0.000718031197785464,13.7811126937149
"so_mean",0.000749541748019977,14.1652756327898
"so_mean",0.000782434045079119,14.5494385718647
"so_mean",0.000816768581855122,14.9336015109396
"so_mean",0.000852608490910853,15.3177644500145
"so_mean",0.000890019658883348,15.7019273890894
"so_mean",0.000929070845775423,16.0860903281643
"so_mean",0.000969833809337896,16.4702532672392
"so_mean",0.00101238343475276,16.8544162063141
"so_mean",0.00105679786983567,17.238579145389
"so_mean",0.00110315866598458,17.6227420844639
"so_mean",0.00115155092510958,18.0069050235388
"so_mean",0.00120206345278833,18.3910679626137
"so_mean",0.00125478891790002,18.7752309016886
"so_mean",0.00130982401900047,19.1593938407635
"so_mean",0.00136726965771043,19.5435567798385
"so_mean",0.00142723111939897,19.9277197189134
"so_mean",0.001489818261454,20.3118826579883
"so_mean",0.00155514570944207,20.6960455970632
"so_mean",0.00162333306147048,21.0802085361381
"so_mean",0.00169450510107519,21.464371475213
"so_mean",0.00176879201896913,21.8485344142879
"so_mean",0.00184632964399672,22.2326973533628
"so_mean",0.0019272596836518,22.6168602924377
"so_mean",0.00201172997452754,23.0010232315126
"so_mean",0.00209989474307883,23.3851861705875
"so_mean",0.00219191487708925,23.7693491096624
"so_mean",0.00228795820824676,24.1535120487373
"so_mean",0.0023881998062441,24.5376749878122
"so_mean",0.00249282228483196,24.9218379268871
"so_mean",0.002602016120265,25.306000865962
"so_mean",0.00271597998259248,25.6901638050369
"so_mean",0.00283492108025736,26.0743267441118
"so_mean",0.00295905551847914,26.4584896831867
"so_mean",0.00308860867190721,26.8426526222616
"so_mean",0.00322381557204248,27.2268155613365
"so_mean",0.00336492130993585,27.6109785004114
"so_mean",0.00351218145468214,27.9951414394863
"so_mean",0.00366586248823794,28.3793043785612
"so_mean",0.00382624225710051,28.7634673176361
"so_mean",0.00399361044139335,29.147630256711
"so_mean",0.00416826904191083,29.5317931957859
"so_mean",0.00435053288568075,29.9159561348608
"so_mean",0.00454073015060838,30.3001190739357
"so_mean",0.00473920290976888,30.6842820130106
"so_mean",0.00494630769591705,31.0684449520855
"so_mean",0.00516241608678317,31.4526078911604
"so_mean",0.00538791531172169,31.8367708302353
"so_mean",0.00562320888027506,32.2209337693102
"so_mean",0.0058687172332084,32.6050967083851
"so_mean",0.00612487841656028,32.98925964746
"so_mean",0.00639214877924251,33.3734225865349
"so_mean",0.00667100369470489,33.7575855256098
"so_mean",0.00696193830716059,34.1417484646847
"so_mean",0.00726546830284289,34.5259114037596
"so_mean",0.00758213070673465,34.9100743428345
"so_mean",0.00791248470517716,35.2942372819094
"so_mean",0.00825711249472404,35.6784002209843
"so_mean",0.00861662015755978,36.0625631600592
"so_mean",0.00899163856374819,36.4467260991341
"so_mean",0.00938282430051526,36.830889038209
"so_mean",0.00979086062870165,37.2150519772839
"so_mean",0.0102164584664411,37.5992149163588
"so_mean",0.0106603574000344,37.9833778554337
"so_mean",0.011123326721889,38.3675407945086
"so_mean",0.0116061664952856,38.7517037335835
"so_mean",0.0121097086456103,39.1358666726584
"so_mean",0.0126348180775575,39.5200296117333
"so_mean",0.0131823938176563,39.9041925508082
"ph_mean",0.0136515289767743,7.19973962732826
"ph_mean",0.0135043170082598,7.21165661008723
"ph_mean",0.0133584314223573,7.22357359284621
"ph_mean",0.013213863684202,7.23549057560519
"ph_mean",0.0130706052701006,7.24740755836416
"ph_mean",0.0129286476681509,7.25932454112314
"ph_mean",0.0127879823788533,7.27124152388212
"ph_mean",0.0126486009157145,7.28315850664109
"ph_mean",0.0125104948058412,7.29507548940007
"ph_mean",0.0123736555905274,7.30699247215904
"ph_mean",0.0122380748258312,7.31890945491802
"ph_mean",0.0121037440831448,7.330826437677
"ph_mean",0.011970654949755,7.34274342043597
"ph_mean",0.0118387990293961,7.35466040319495
"ph_mean",0.011708167942794,7.36657738595392
"ph_mean",0.0115787533282017,7.3784943687129
"ph_mean",0.0114505468419276,7.39041135147188
"ph_mean",0.0113235401588538,7.40232833423085
"ph_mean",0.0111977249729479,7.41424531698983
"ph_mean",0.0110730929977652,7.4261622997488
"ph_mean",0.0109496359669434,7.43807928250778
"ph_mean",0.0108273456346887,7.44999626526676
"ph_mean",0.0107062137762545,7.46191324802573
"ph_mean",0.0105862321884106,7.47383023078471
"ph_mean",0.0104673926899059,7.48574721354368
"ph_mean",0.0103496871219219,7.49766419630266
"ph_mean",0.0102331073485186,7.50958117906164
"ph_mean",0.0101176452570723,7.52149816182061
"ph_mean",0.0100032927587056,7.53341514457959
"ph_mean",0.00989004178870915,7.54533212733856
"ph_mean",0.00977788430695619,7.55724911009754
"ph_mean",0.00966681229830836,7.56916609285652
"ph_mean",0.00955681777301437,7.58108307561549
"ph_mean",0.00944789276710065,7.59300005837447
"ph_mean",0.00934002934275435,7.60491704113345
"ph_mean",0.00923321958869862,7.61683402389242
"ph_mean",0.00912745562056031,7.6287510066514
"ph_mean",0.00902272958123002,7.64066798941037
"ph_mean",0.00891903364121473,7.65258497216935
"ph_mean",0.00881635999898273,7.66450195492833
"ph_mean",0.0087147008813014,7.6764189376873
"ph_mean",0.00861404854356724,7.68833592044628
"ph_mean",0.00851439527012885,7.70025290320525
"ph_mean",0.00841573337460248,7.71216988596423
"ph_mean",0.00831805520018024,7.72408686872321
"ph_mean",0.0082213531199313,7.73600385148218
"ph_mean",0.00812561953709584,7.74792083424116
"ph_mean",0.0080308468853718,7.75983781700013
"ph_mean",0.00793702762919481,7.77175479975911
"ph_mean",0.00784415426401091,7.78367178251809
"ph_mean",0.00775221931654246,7.79558876527706
"ph_mean",0.0076612153450471,7.80750574803604
"ph_mean",0.0075711349395699,7.81942273079501
"ph_mean",0.00748197072218872,7.83133971355399
"ph_mean",0.00739371534725286,7.84325669631297
"ph_mean",0.007306361501615,7.85517367907194
"ph_mean",0.00721990190485661,7.86709066183092
"ph_mean",0.00713432930950669,7.8790076445899
"ph_mean",0.00704963650125415,7.89092462734887
"ph_mean",0.00696581629915355,7.90284161010785
"ph_mean",0.0068828615558247,7.91475859286682
"ph_mean",0.0068007651576457,7.9266755756258
"ph_mean",0.00671952002493988,7.93859255838477
"ph_mean",0.00663911911215641,7.95050954114375
"ph_mean",0.00655955540804486,7.96242652390273
"ph_mean",0.00648082193582356,7.9743435066617
"ph_mean",0.00640291175334202,7.98626048942068
"ph_mean",0.0063258179532373,7.99817747217966
"ph_mean",0.0062495336630845,8.01009445493863
"ph_mean",0.00617405204554139,8.02201143769761
"ph_mean",0.00609936629848723,8.03392842045658
"ph_mean",0.00602546965515586,8.04584540321556
"ph_mean",0.00595235538426314,8.05776238597454
"ph_mean",0.00588001679012869,8.06967936873351
"ph_mean",0.00580844721279215,8.08159635149249
"ph_mean",0.00573764002812392,8.09351333425146
"ph_mean",0.00566758864793047,8.10543031701044
"ph_mean",0.00559828652005424,8.11734729976942
"ph_mean",0.0055297271284683,8.12926428252839
"ph_mean",0.0054619039933656,8.14118126528737
"ph_mean",0.00539481067124325,8.15309824804634
"ph_mean",0.00532844075498144,8.16501523080532
"ph_mean",0.00526278787391748,8.1769322135643
"ph_mean",0.00519784569391466,8.18884919632327
"ph_mean",0.00513360791742625,8.20076617908225
"ph_mean",0.00507006828355466,8.21268316184123
"ph_mean",0.00500722056810561,8.2246001446002
"ph_mean",0.00494505858363764,8.23651712735918
"ph_mean",0.00488357617950693,8.24843411011815
"ph_mean",0.00482276724190737,8.26035109287713
"ph_mean",0.00476262569390611,8.27226807563611
"ph_mean",0.00470314549547461,8.28418505839508
"ph_mean",0.0046443206435151,8.29610204115406
"ph_mean",0.00458614517188271,8.30801902391303
"ph_mean",0.0045286131514033,8.31993600667201
"ph_mean",0.00447171868988685,8.33185298943098
"ph_mean",0.00441545593213676,8.34376997218996
"ph_mean",0.00435981905995487,8.35568695494894
"ph_mean",0.00430480229214248,8.36760393770791
"ph_mean",0.00425039988449715,8.37952092046689
"siconc_max",0.018639001489642,0
"siconc_max",0.0180844851042443,0.0106155569578446
"siconc_max",0.0175461708048613,0.0212311139156892
"siconc_max",0.0170236025047971,0.0318466708735338
"siconc_max",0.0165163359385721,0.0424622278313784
"siconc_max",0.0160239384161278,0.053077784789223
"siconc_max",0.0155459885783511,0.0636933417470676
"siconc_max",0.0150820761541973,0.0743088987049122
"siconc_max",0.0146318017196636,0.0849244556627568
"siconc_max",0.0141947764588476,0.0955400126206014
"siconc_max",0.0137706219272987,0.106155569578446
"siconc_max",0.0133589698178554,0.116771126536291
"siconc_max",0.0129594617291416,0.127386683494135
"siconc_max",0.0125717489368754,0.13800224045198
"siconc_max",0.0121954921681317,0.148617797409824
"siconc_max",0.0118303613786797,0.159233354367669
"siconc_max",0.0114760355335067,0.169848911325514
"siconc_max",0.0111322023906221,0.180464468283358
"siconc_max",0.0107985582882259,0.191080025241203
"siconc_max",0.0104748079353112,0.201695582199047
"siconc_max",0.0101606642057631,0.212311139156892
"siconc_max",0.009855847936001,0.222926696114737
"siconc_max",0.00956008772620708,0.233542253072581
"siconc_max",0.00927311974517053,0.244157810030426
"siconc_max",0.00899468753877128,0.25477336698827
"siconc_max",0.00872454184211833,0.265388923946115
"siconc_max",0.00846244039535097,0.27600448090396
"siconc_max",0.00820814776310458,0.286620037861804
"siconc_max",0.00796143515763649,0.297235594819649
"siconc_max",0.00772208026560201,0.307851151777494
"siconc_max",0.00748986707846561,0.318466708735338
"siconc_max",0.00726458572652731,0.329082265693183
"siconc_max",0.00704603231654033,0.339697822651027
"siconc_max",0.00683400877289199,0.350313379608872
"siconc_max",0.00662832268231634,0.360928936566717
"siconc_max",0.00642878714210374,0.371544493524561
"siconc_max",0.00623522061176979,0.382160050482406
"siconc_max",0.0060474467681433,0.39277560744025
"siconc_max",0.00586529436383075,0.403391164398095
"siconc_max",0.00568859708901249,0.41400672135594
"siconc_max",0.00551719343652426,0.424622278313784
"siconc_max",0.00535092657017584,0.435237835271629
"siconc_max",0.00518964419625732,0.445853392229473
"siconc_max",0.00503319843818236,0.456468949187318
"siconc_max",0.00488144571421636,0.467084506145163
"siconc_max",0.00473424661823744,0.477700063103007
"siconc_max",0.00459146580347639,0.488315620060852
"siconc_max",0.00445297186918216,0.498931177018696
"siconc_max",0.00431863725015823,0.509546733976541
"siconc_max",0.00418833810911561,0.520162290934386
"siconc_max",0.00406195423178755,0.53077784789223
"siconc_max",0.00393936892475103,0.541393404850075
"siconc_max",0.00382046891590051,0.552008961807919
"siconc_max",0.00370514425751896,0.562624518765764
"siconc_max",0.00359328823189187,0.573240075723609
"siconc_max",0.00348479725940991,0.583855632681453
"siconc_max",0.00337957080910642,0.594471189639298
"siconc_max",0.00327751131157619,0.605086746597142
"siconc_max",0.00317852407422262,0.615702303554987
"siconc_max",0.00308251719878054,0.626317860512832
"siconc_max",0.002989401501063,0.636933417470676
"siconc_max",0.00289909043288049,0.647548974428521
"siconc_max",0.00281150000608187,0.658164531386365
"siconc_max",0.00272654871866706,0.66878008834421
"siconc_max",0.00264415748292208,0.679395645302055
"siconc_max",0.00256424955552769,0.690011202259899
"siconc_max",0.00248675046959399,0.700626759217744
"siconc_max",0.00241158796857353,0.711242316175588
"siconc_max",0.0023386919420069,0.721857873133433
"siconc_max",0.00226799436305494,0.732473430091278
"siconc_max",0.00219942922777302,0.743088987049122
"siconc_max",0.00213293249608339,0.753704544006967
"siconc_max",0.0020684420344024,0.764320100964812
"siconc_max",0.00200589755988037,0.774935657922656
"siconc_max",0.00194524058621258,0.785551214880501
"siconc_max",0.00188641437098078,0.796166771838345
"siconc_max",0.00182936386448531,0.80678232879619
"siconc_max",0.00177403566002894,0.817397885754034
"siconc_max",0.00172037794561409,0.828013442711879
"siconc_max",0.00166834045701628,0.838628999669724
"siconc_max",0.00161787443219705,0.849244556627568
"siconc_max",0.00156893256702075,0.859860113585413
"siconc_max",0.00152146897224025,0.870475670543257
"siconc_max",0.00147543913171723,0.881091227501102
"siconc_max",0.00143079986184404,0.891706784458947
"siconc_max",0.00138750927213413,0.902322341416791
"siconc_max",0.00134552672694955,0.912937898374636
"siconc_max",0.00130481280833421,0.923553455332481
"siconc_max",0.00126532927992278,0.934169012290325
"siconc_max",0.00122703905189537,0.94478456924817
"siconc_max",0.0011899061469494,0.955400126206014
"siconc_max",0.00115389566726027,0.966015683163859
"siconc_max",0.00111897376240343,0.976631240121704
"siconc_max",0.00108510759821114,0.987246797079548
"siconc_max",0.00105226532653766,0.997862354037393
"siconc_max",0.00102041605590755,1.00847791099524
"siconc_max",0.00098952982302224,1.01909346795308
"siconc_max",0.000959577565100638,1.02970902491093
"siconc_max",0.00093053109303034,1.04032458186877
"siconc_max",0.000902363065306429,1.05094013882662
"chl_mean",0.00505633455087107,0.0329843391070241
"chl_mean",0.00519598391343818,0.0931272200017134
"chl_mean",0.00533946951054243,0.153270100896403
"chl_mean",0.00548689556667093,0.213412981791092
"chl_mean",0.00563836907308072,0.273555862685781
"chl_mean",0.00579399985760806,0.333698743580471
"chl_mean",0.00595390065603285,0.39384162447516
"chl_mean",0.00611818718502068,0.453984505369849
"chl_mean",0.0062869782166648,0.514127386264539
"chl_mean",0.00646039565464951,0.574270267159228
"chl_mean",0.00663856461205589,0.634413148053917
"chl_mean",0.00682161349083041,0.694556028948607
"chl_mean",0.00700967406293582,0.754698909843296
"chl_mean",0.00720288155320323,0.814841790737985
"chl_mean",0.00740137472390303,0.874984671632674
"chl_mean",0.00760529596105163,0.935127552527364
"chl_mean",0.00781479136246966,0.995270433422053
"chl_mean",0.00803001082760596,1.05541331431674
"chl_mean",0.00825110814914072,1.11555619521143
"chl_mean",0.00847824110637911,1.17569907610612
"chl_mean",0.0087115715604457,1.23584195700081
"chl_mean",0.00895126555128781,1.2959848378955
"chl_mean",0.00919749339649433,1.35612771879019
"chl_mean",0.00945042979193435,1.41627059968488
"chl_mean",0.00971025391421791,1.47641348057957
"chl_mean",0.0099771495249786,1.53655636147426
"chl_mean",0.0102513050769755,1.59669924236895
"chl_mean",0.010532913822009,1.65684212326364
"chl_mean",0.0108221739206424,1.71698500415832
"chl_mean",0.0111192885537171,1.77712788505301
"chl_mean",0.0114244660356485,1.8372707659477
"chl_mean",0.0117379199294815,1.89741364684239
"chl_mean",0.0120598691636867,1.95755652773708
"chl_mean",0.0123905381506683,2.01769940863177
"chl_mean",0.0127301569069551,2.07784228952646
"chl_mean",0.0130789611750391,2.13798517042115
"chl_mean",0.0134371925468216,2.19812805131584
"chl_mean",0.0138050985886217,2.25827093221053
"chl_mean",0.0141829329676972,2.31841381310522
"chl_mean",0.0145709555802211,2.37855669399991
"chl_mean",0.0149694326806518,2.4386995748946
"chl_mean",0.015378637012427,2.49884245578929
"chl_mean",0.0157988479399071,2.55898533668398
"chl_mean",0.0162303515814838,2.61912821757866
"chl_mean",0.0166734409437638,2.67927109847335
"chl_mean",0.017128416056729,2.73941397936804
"chl_mean",0.0175955841097661,2.79955686026273
"chl_mean",0.0180752595884488,2.85969974115742
"chl_mean",0.0185677644119486,2.91984262205211
"chl_mean",0.0190734280709381,2.9799855029468
"chl_mean",0.0195925877658411,3.04012838384149
"chl_mean",0.0201255885452736,3.10027126473618
"chl_mean",0.0206727834445083,3.16041414563087
"chl_mean",0.0212345336237824,3.22055702652556
"chl_mean",0.0218112085062572,3.28069990742025
"chl_mean",0.0224031859154244,3.34084278831494
"chl_mean",0.0230108522117412,3.40098566920963
"chl_mean",0.0236346024282608,3.46112855010431
"chl_mean",0.0242748404050119,3.521271430999
"chl_mean",0.0249319789218646,3.58141431189369
"chl_mean",0.0256064398296032,3.64155719278838
"chl_mean",0.0262986541789127,3.70170007368307
"chl_mean",0.0270090623469651,3.76184295457776
"chl_mean",0.0277381141612767,3.82198583547245
"chl_mean",0.0284862690204871,3.88212871636714
"chl_mean",0.0292539960116935,3.94227159726183
"chl_mean",0.030041774023952,4.00241447815652
"chl_mean",0.0308500918575385,4.06255735905121
"chl_mean",0.031679448328542,4.1227002399459
"chl_mean",0.0325303523683382,4.18284312084059
"chl_mean",0.0334033231174722,4.24298600173528
"chl_mean",0.0342988900134556,4.30312888262997
"chl_mean",0.0352175928719584,4.36327176352465
"chl_mean",0.0361599819608547,4.42341464441934
"chl_mean",0.0371266180665541,4.48355752531403
"chl_mean",0.0381180725520287,4.54370040620872
"chl_mean",0.0391349274059178,4.60384328710341
"chl_mean",0.040177775282068,4.6639861679981
"chl_mean",0.0412472195288405,4.72412904889279
"chl_mean",0.0423438742074901,4.78427192978748
"chl_mean",0.043468364098895,4.84441481068217
"chl_mean",0.0446213246978892,4.90455769157686
"chl_mean",0.045803402194422,4.96470057247155
"chl_mean",0.0470152534407454,5.02484345336624
"chl_mean",0.048257545903798,5.08498633426093
"chl_mean",0.0495309576019336,5.14512921515562
"chl_mean",0.0508361770251144,5.2052720960503
"chl_mean",0.0521739030376614,5.26541497694499
"chl_mean",0.0535448447626321,5.32555785783968
"chl_mean",0.054949721446872,5.38570073873437
"chl_mean",0.0563892623057613,5.44584361962906
"chl_mean",0.0578642063466569,5.50598650052375
"chl_mean",0.0593753021700095,5.56612938141844
"chl_mean",0.0609233077471169,5.62627226231313
"chl_mean",0.0625089901734558,5.68641514320782
"chl_mean",0.0641331253965198,5.74655802410251
"chl_mean",0.0657964979170766,5.8067009049972
"chl_mean",0.0674999004627492,5.86684378589189
"chl_mean",0.0692441336328147,5.92698666678658
"chl_mean",0.0710300055131099,5.98712954768127
"no3_mean",0.00613513987662141,4.69142130374742e-21
"no3_mean",0.00613513987662141,0.381254883229574
"no3_mean",0.00613513987662141,0.762509766459147
"no3_mean",0.00613513987662141,1.14376464968872
"no3_mean",0.00613513987662141,1.52501953291829
"no3_mean",0.00613513987662141,1.90627441614787
"no3_mean",0.00613513987662141,2.28752929937744
"no3_mean",0.00613513987662141,2.66878418260702
"no3_mean",0.00613513987662141,3.05003906583659
"no3_mean",0.00613513987662141,3.43129394906616
"no3_mean",0.00613513987662141,3.81254883229574
"no3_mean",0.00613513987662141,4.19380371552531
"no3_mean",0.00613513987662141,4.57505859875488
"no3_mean",0.00613513987662141,4.95631348198446
"no3_mean",0.00613513987662141,5.33756836521403
"no3_mean",0.00613513987662141,5.71882324844361
"no3_mean",0.00613513987662141,6.10007813167318
"no3_mean",0.00613513987662141,6.48133301490275
"no3_mean",0.00613513987662141,6.86258789813233
"no3_mean",0.00613513987662141,7.2438427813619
"no3_mean",0.00613513987662141,7.62509766459147
"no3_mean",0.00613513987662141,8.00635254782105
"no3_mean",0.00613513987662141,8.38760743105062
"no3_mean",0.00613513987662141,8.7688623142802
"no3_mean",0.00613513987662141,9.15011719750977
"no3_mean",0.00613513987662141,9.53137208073934
"no3_mean",0.00613513987662141,9.91262696396891
"no3_mean",0.00613513987662141,10.2938818471985
"no3_mean",0.00613513987662141,10.6751367304281
"no3_mean",0.00613513987662141,11.0563916136576
"no3_mean",0.00613513987662141,11.4376464968872
"no3_mean",0.00613513987662141,11.8189013801168
"no3_mean",0.00613513987662141,12.2001562633464
"no3_mean",0.00613513987662141,12.5814111465759
"no3_mean",0.00613513987662141,12.9626660298055
"no3_mean",0.00613513987662141,13.3439209130351
"no3_mean",0.00613513987662141,13.7251757962647
"no3_mean",0.00613513987662141,14.1064306794942
"no3_mean",0.00613513987662141,14.4876855627238
"no3_mean",0.00613513987662141,14.8689404459534
"no3_mean",0.00613513987662141,15.2501953291829
"no3_mean",0.00613513987662141,15.6314502124125
"no3_mean",0.00613513987662141,16.0127050956421
"no3_mean",0.00613513987662141,16.3939599788717
"no3_mean",0.00613513987662141,16.7752148621012
"no3_mean",0.00613513987662141,17.1564697453308
"no3_mean",0.00613513987662141,17.5377246285604
"no3_mean",0.00613513987662141,17.91897951179
"no3_mean",0.00613513987662141,18.3002343950195
"no3_mean",0.00613513987662141,18.6814892782491
"no3_mean",0.00613513987662141,19.0627441614787
"no3_mean",0.00613513987662141,19.4439990447083
"no3_mean",0.00613513987662141,19.8252539279378
"no3_mean",0.00613513987662141,20.2065088111674
"no3_mean",0.00613513987662141,20.587763694397
"no3_mean",0.00613513987662141,20.9690185776266
"no3_mean",0.00613513987662141,21.3502734608561
"no3_mean",0.00613513987662141,21.7315283440857
"no3_mean",0.00613513987662141,22.1127832273153
"no3_mean",0.00613513987662141,22.4940381105448
"no3_mean",0.00613513987662141,22.8752929937744
"no3_mean",0.00613513987662141,23.256547877004
"no3_mean",0.00613513987662141,23.6378027602336
"no3_mean",0.00613513987662141,24.0190576434631
"no3_mean",0.00613513987662141,24.4003125266927
"no3_mean",0.00613513987662141,24.7815674099223
"no3_mean",0.00613513987662141,25.1628222931519
"no3_mean",0.00613513987662141,25.5440771763814
"no3_mean",0.00613513987662141,25.925332059611
"no3_mean",0.00613513987662141,26.3065869428406
"no3_mean",0.00613513987662141,26.6878418260702
"no3_mean",0.00613513987662141,27.0690967092997
"no3_mean",0.00613513987662141,27.4503515925293
"no3_mean",0.00613513987662141,27.8316064757589
"no3_mean",0.00613513987662141,28.2128613589885
"no3_mean",0.00613513987662141,28.594116242218
"no3_mean",0.00613513987662141,28.9753711254476
"no3_mean",0.00613513987662141,29.3566260086772
"no3_mean",0.00613513987662141,29.7378808919067
"no3_mean",0.00613513987662141,30.1191357751363
"no3_mean",0.00613513987662141,30.5003906583659
"no3_mean",0.00613513987662141,30.8816455415955
"no3_mean",0.00613513987662141,31.262900424825
"no3_mean",0.00613513987662141,31.6441553080546
"no3_mean",0.00613513987662141,32.0254101912842
"no3_mean",0.00613513987662141,32.4066650745138
"no3_mean",0.00613513987662141,32.7879199577433
"no3_mean",0.00613513987662141,33.1691748409729
"no3_mean",0.00613513987662141,33.5504297242025
"no3_mean",0.00613513987662141,33.9316846074321
"no3_mean",0.00613513987662141,34.3129394906616
"no3_mean",0.00613513987662141,34.6941943738912
"no3_mean",0.00613513987662141,35.0754492571208
"no3_mean",0.00613513987662141,35.4567041403504
"no3_mean",0.00613513987662141,35.8379590235799
"no3_mean",0.00613513987662141,36.2192139068095
"no3_mean",0.00613513987662141,36.6004687900391
"no3_mean",0.00613513987662141,36.9817236732686
"no3_mean",0.00613513987662141,37.3629785564982
"no3_mean",0.00613513987662141,37.7442334397278
"kdpar_mean",0.00613513987662141,0.000824168562440589
"kdpar_mean",0.00613513987662141,0.00817575708168984
"kdpar_mean",0.00613513987662141,0.0155273456009391
"kdpar_mean",0.00613513987662141,0.0228789341201883
"kdpar_mean",0.00613513987662141,0.0302305226394376
"kdpar_mean",0.00613513987662141,0.0375821111586868
"kdpar_mean",0.00613513987662141,0.0449336996779361
"kdpar_mean",0.00613513987662141,0.0522852881971853
"kdpar_mean",0.00613513987662141,0.0596368767164346
"kdpar_mean",0.00613513987662141,0.0669884652356838
"kdpar_mean",0.00613513987662141,0.0743400537549331
"kdpar_mean",0.00613513987662141,0.0816916422741823
"kdpar_mean",0.00613513987662141,0.0890432307934316
"kdpar_mean",0.00613513987662141,0.0963948193126808
"kdpar_mean",0.00613513987662141,0.10374640783193
"kdpar_mean",0.00613513987662141,0.111097996351179
"kdpar_mean",0.00613513987662141,0.118449584870429
"kdpar_mean",0.00613513987662141,0.125801173389678
"kdpar_mean",0.00613513987662141,0.133152761908927
"kdpar_mean",0.00613513987662141,0.140504350428176
"kdpar_mean",0.00613513987662141,0.147855938947426
"kdpar_mean",0.00613513987662141,0.155207527466675
"kdpar_mean",0.00613513987662141,0.162559115985924
"kdpar_mean",0.00613513987662141,0.169910704505173
"kdpar_mean",0.00613513987662141,0.177262293024423
"kdpar_mean",0.00613513987662141,0.184613881543672
"kdpar_mean",0.00613513987662141,0.191965470062921
"kdpar_mean",0.00613513987662141,0.19931705858217
"kdpar_mean",0.00613513987662141,0.20666864710142
"kdpar_mean",0.00613513987662141,0.214020235620669
"kdpar_mean",0.00613513987662141,0.221371824139918
"kdpar_mean",0.00613513987662141,0.228723412659167
"kdpar_mean",0.00613513987662141,0.236075001178417
"kdpar_mean",0.00613513987662141,0.243426589697666
"kdpar_mean",0.00613513987662141,0.250778178216915
"kdpar_mean",0.00613513987662141,0.258129766736164
"kdpar_mean",0.00613513987662141,0.265481355255414
"kdpar_mean",0.00613513987662141,0.272832943774663
"kdpar_mean",0.00613513987662141,0.280184532293912
"kdpar_mean",0.00613513987662141,0.287536120813161
"kdpar_mean",0.00613513987662141,0.294887709332411
"kdpar_mean",0.00613513987662141,0.30223929785166
"kdpar_mean",0.00613513987662141,0.309590886370909
"kdpar_mean",0.00613513987662141,0.316942474890158
"kdpar_mean",0.00613513987662141,0.324294063409408
"kdpar_mean",0.00613513987662141,0.331645651928657
"kdpar_mean",0.00613513987662141,0.338997240447906
"kdpar_mean",0.00613513987662141,0.346348828967155
"kdpar_mean",0.00613513987662141,0.353700417486405
"kdpar_mean",0.00613513987662141,0.361052006005654
"kdpar_mean",0.00613513987662141,0.368403594524903
"kdpar_mean",0.00613513987662141,0.375755183044152
"kdpar_mean",0.00613513987662141,0.383106771563402
"kdpar_mean",0.00613513987662141,0.390458360082651
"kdpar_mean",0.00613513987662141,0.3978099486019
"kdpar_mean",0.00613513987662141,0.405161537121149
"kdpar_mean",0.00613513987662141,0.412513125640399
"kdpar_mean",0.00613513987662141,0.419864714159648
"kdpar_mean",0.00613513987662141,0.427216302678897
"kdpar_mean",0.00613513987662141,0.434567891198146
"kdpar_mean",0.00613513987662141,0.441919479717396
"kdpar_mean",0.00613513987662141,0.449271068236645
"kdpar_mean",0.00613513987662141,0.456622656755894
"kdpar_mean",0.00613513987662141,0.463974245275143
"kdpar_mean",0.00613513987662141,0.471325833794393
"kdpar_mean",0.00613513987662141,0.478677422313642
"kdpar_mean",0.00613513987662141,0.486029010832891
"kdpar_mean",0.00613513987662141,0.49338059935214
"kdpar_mean",0.00613513987662141,0.50073218787139
"kdpar_mean",0.00613513987662141,0.508083776390639
"kdpar_mean",0.00613513987662141,0.515435364909888
"kdpar_mean",0.00613513987662141,0.522786953429137
"kdpar_mean",0.00613513987662141,0.530138541948387
"kdpar_mean",0.00613513987662141,0.537490130467636
"kdpar_mean",0.00613513987662141,0.544841718986885
"kdpar_mean",0.00613513987662141,0.552193307506134
"kdpar_mean",0.00613513987662141,0.559544896025384
"kdpar_mean",0.00613513987662141,0.566896484544633
"kdpar_mean",0.00613513987662141,0.574248073063882
"kdpar_mean",0.00613513987662141,0.581599661583131
"kdpar_mean",0.00613513987662141,0.588951250102381
"kdpar_mean",0.00613513987662141,0.59630283862163
"kdpar_mean",0.00613513987662141,0.603654427140879
"kdpar_mean",0.00613513987662141,0.611006015660128
"kdpar_mean",0.00613513987662141,0.618357604179378
"kdpar_mean",0.00613513987662141,0.625709192698627
"kdpar_mean",0.00613513987662141,0.633060781217876
"kdpar_mean",0.00613513987662141,0.640412369737125
"kdpar_mean",0.00613513987662141,0.647763958256375
"kdpar_mean",0.00613513987662141,0.655115546775624
"kdpar_mean",0.00613513987662141,0.662467135294873
"kdpar_mean",0.00613513987662141,0.669818723814122
"kdpar_mean",0.00613513987662141,0.677170312333372
"kdpar_mean",0.00613513987662141,0.684521900852621
"kdpar_mean",0.00613513987662141,0.69187348937187
"kdpar_mean",0.00613513987662141,0.699225077891119
"kdpar_mean",0.00613513987662141,0.706576666410369
"kdpar_mean",0.00613513987662141,0.713928254929618
"kdpar_mean",0.00613513987662141,0.721279843448867
"kdpar_mean",0.00613513987662141,0.728631431968116
"sws_max",0.00517097719141791,6.8990857166708e-05
"sws_max",0.00532782524177936,0.0142331918107178
"sws_max",0.00548940461496326,0.0283973927642688
"sws_max",0.00565585641530603,0.0425615937178199
"sws_max",0.00582732585590849,0.0567257946713709
"sws_max",0.00600396237214167,0.070889995624922
"sws_max",0.00618591973790557,0.085054196578473
"sws_max",0.00637335618468309,0.0992183975320241
"sws_max",0.00656643452343005,0.113382598485575
"sws_max",0.006765322269341,0.127546799439126
"sws_max",0.00697019176952918,0.141711000392677
"sws_max",0.00718122033365692,0.155875201346228
"sws_max",0.00739859036755152,0.170039402299779
"sws_max",0.00762248950983895,0.18420360325333
"sws_max",0.00785311077162593,0.198367804206881
"sws_max",0.00809065267925792,0.212532005160432
"sws_max",0.00833531942017821,0.226696206113984
"sws_max",0.00858732099190974,0.240860407067535
"sws_max",0.00884687335417819,0.255024608021086
"sws_max",0.0091141985841911,0.269188808974637
"sws_max",0.00938952503508363,0.283353009928188
"sws_max",0.00967308749753729,0.297517210881739
"sws_max",0.00996512736457312,0.31168141183529
"sws_max",0.0102658927995157,0.325845612788841
"sws_max",0.0105756389071183,0.340009813742392
"sws_max",0.0108946279078351,0.354174014695943
"sws_max",0.0112231293152166,0.368338215649494
"sws_max",0.0115614201164011,0.382502416603045
"sws_max",0.0119097849556657,0.396666617556596
"sws_max",0.0122685163209907,0.410830818510147
"sws_max",0.0126379147335871,0.424995019463698
"sws_max",0.0130182889403217,0.439159220417249
"sws_max",0.0134099561089701,0.4533234213708
"sws_max",0.0138132420262124,0.467487622324351
"sws_max",0.0142284812982802,0.481651823277903
"sws_max",0.014656017554145,0.495816024231454
"sws_max",0.0150962036511329,0.509980225185005
"sws_max",0.0155494018828297,0.524144426138556
"sws_max",0.0160159841891312,0.538308627092107
"sws_max",0.0164963323682757,0.552472828045658
"sws_max",0.0169908382906802,0.566637028999209
"sws_max",0.0174999041143834,0.58080122995276
"sws_max",0.0180239425018834,0.594965430906311
"sws_max",0.0185633768381347,0.609129631859862
"sws_max",0.0191186414494519,0.623293832813413
"sws_max",0.0196901818230454,0.637458033766964
"sws_max",0.0202784548268906,0.651622234720515
"sws_max",0.020883928929609,0.665786435674066
"sws_max",0.0215070844200174,0.679950636627617
"sws_max",0.0221484136259684,0.694114837581168
"sws_max",0.0228084211320868,0.708279038534719
"sws_max",0.0234876239959693,0.72244323948827
"sws_max",0.0241865519623912,0.736607440441821
"sws_max",0.0249057476750272,0.750771641395372
"sws_max",0.0256457668851655,0.764935842348924
"sws_max",0.026407178656854,0.779100043302475
"sws_max",0.0271905655678885,0.793264244256026
"sws_max",0.0279965239060085,0.807428445209577
"sws_max",0.0288256638596337,0.821592646163128
"sws_max",0.0296786097024296,0.835756847116679
"sws_max",0.0305559999709504,0.84992104807023
"sws_max",0.0314584876345669,0.864085249023781
"sws_max",0.0323867402568366,0.878249449977332
"sws_max",0.0333414401474339,0.892413650930883
"sws_max",0.0343232845037064,0.906577851884434
"sws_max",0.0353329855408765,0.920742052837985
"sws_max",0.0363712706098573,0.934906253791536
"sws_max",0.0374388823016012,0.949070454745087
"sws_max",0.0385365785368463,0.963234655698638
"sws_max",0.039665132640074,0.977398856652189
"sws_max",0.0408253333964359,0.99156305760574
"sws_max",0.0420179850903546,1.00572725855929
"sws_max",0.043243907524446,1.01989145951284
"sws_max",0.044503936017357,1.03405566046639
"sws_max",0.0457989213790551,1.04821986141994
"sws_max",0.0471297298620501,1.0623840623735
"sws_max",0.0484972430869743,1.07654826332705
"sws_max",0.0499023579408907,1.0907124642806
"sws_max",0.0513459864466446,1.10487666523415
"sws_max",0.0528290556015214,1.1190408661877
"sws_max",0.0543525071834219,1.13320506714125
"sws_max",0.0559172975227136,1.1473692680948
"sws_max",0.057524397237875,1.16153346904835
"sws_max",0.0591747909329981,1.1756976700019
"sws_max",0.0608694768551773,1.18986187095546
"sws_max",0.0626094665097736,1.20402607190901
"sws_max",0.0643957842315102,1.21819027286256
"sws_max",0.0662294667093248,1.23235447381611
"sws_max",0.0681115624628834,1.24651867476966
"sws_max",0.0700431312686429,1.26068287572321
"sws_max",0.072025243533337,1.27484707667676
"sws_max",0.0740589796127621,1.28901127763031
"sws_max",0.0761454290737412,1.30317547858386
"sws_max",0.0782856898971618,1.31733967953741
"sws_max",0.0804808676200084,1.33150388049097
"sws_max",0.0827320744143447,1.34566808144452
"sws_max",0.0850404281012488,1.35983228239807
"sws_max",0.0874070510977665,1.37399648335162
"sws_max",0.0898330692950195,1.38816068430517
"sws_max",0.0923196108656921,1.40232488525872
"bathymetry",1.40478451261898e-06,-403
"bathymetry",1.61988533646978e-06,-398.929292929293
"bathymetry",1.86792237052212e-06,-394.858585858586
"bathymetry",2.15393878271976e-06,-390.787878787879
"bathymetry",2.48374994043409e-06,-386.717171717172
"bathymetry",2.86406164583593e-06,-382.646464646465
"bathymetry",3.3026064741584e-06,-378.575757575758
"bathymetry",3.80830098632496e-06,-374.50505050505
"bathymetry",4.39142701163923e-06,-370.434343434343
"bathymetry",5.06384068536294e-06,-366.363636363636
"bathymetry",5.83921348997002e-06,-362.292929292929
"bathymetry",6.73331019909395e-06,-358.222222222222
"bathymetry",7.76430937286402e-06,-354.151515151515
"bathymetry",8.95317291764361e-06,-350.080808080808
"bathymetry",1.03240722196439e-05,-346.010101010101
"bathymetry",1.19048795106553e-05,-341.939393939394
"bathymetry",1.37277344484529e-05,-337.868686868687
"bathymetry",1.58296974210469e-05,-333.79797979798
"bathymetry",1.82535028436919e-05,-329.727272727273
"bathymetry",2.10484277459224e-05,-325.656565656566
"bathymetry",2.42712932836998e-05,-321.585858585859
"bathymetry",2.79876195060613e-05,-317.515151515152
"bathymetry",3.22729568105419e-05,-313.444444444444
"bathymetry",3.72144210993174e-05,-309.373737373737
"bathymetry",4.29124637700259e-05,-305.30303030303
"bathymetry",4.94829124237511e-05,-301.232323232323
"bathymetry",5.70593236421168e-05,-297.161616161616
"bathymetry",6.57956954841899e-05,-293.090909090909
"bathymetry",7.58695946062151e-05,-289.020202020202
"bathymetry",8.7485761255523e-05,-284.949494949495
"bathymetry",0.000100880264997316,-280.878787878788
"bathymetry",0.000116325295085906,-276.808080808081
"bathymetry",0.000134134682103252,-272.737373737374
"bathymetry",0.00015467026210008,-268.666666666667
"bathymetry",0.000178349211264754,-264.59595959596
"bathymetry",0.000205652498425973,-260.525252525253
"bathymetry",0.000237134624822653,-256.454545454545
"bathymetry",0.000273434845948937,-252.383838383838
"bathymetry",0.000315290099355245,-248.313131313131
"bathymetry",0.000363549895562598,-244.242424242424
"bathymetry",0.000419193467289419,-240.171717171717
"bathymetry",0.000483349515619403,-236.10101010101
"bathymetry",0.000557318941237854,-232.030303030303
"bathymetry",0.000642601005171705,-227.959595959596
"bathymetry",0.000740923427377089,-223.888888888889
"bathymetry",0.000854277003859007,-219.818181818182
"bathymetry",0.000984955404632167,-215.747474747475
"bathymetry",0.00113560090658076,-211.676767676768
"bathymetry",0.0013092569179311,-207.606060606061
"bathymetry",0.00150942826527267,-203.535353535354
"bathymetry",0.00174015034028879,-199.464646464646
"bathymetry",0.00200606834167191,-195.393939393939
"bathymetry",0.00231252799765043,-191.323232323232
"bathymetry",0.00266567931490868,-187.252525252525
"bathymetry",0.00307259506808958,-183.181818181818
"bathymetry",0.00354140591662192,-179.111111111111
"bathymetry",0.00408145420626806,-175.040404040404
"bathymetry",0.00470346867260366,-170.969696969697
"bathymetry",0.00541976239982213,-166.89898989899
"bathymetry",0.00624445648290717,-162.828282828283
"bathymetry",0.00719373186980628,-158.757575757576
"bathymetry",0.00828611178969986,-154.686868686869
"bathymetry",0.00954277695990958,-150.616161616162
"bathymetry",0.0109879153500541,-146.545454545455
"bathymetry",0.0126491075938755,-142.474747474747
"bathymetry",0.0145577480831937,-138.40404040404
"bathymetry",0.0167495002384329,-134.333333333333
"bathymetry",0.0192647822847367,-130.262626262626
"bathymetry",0.0221492769045286,-126.191919191919
"bathymetry",0.0254544541953666,-122.121212121212
"bathymetry",0.0292380922282327,-118.050505050505
"bathymetry",0.0335647729663388,-113.979797979798
"bathymetry",0.0385063231831906,-109.909090909091
"bathymetry",0.0441421601936029,-105.838383838384
"bathymetry",0.0505594906970687,-101.767676767677
"bathymetry",0.057853298066535,-97.6969696969697
"bathymetry",0.0661260395775634,-93.6262626262626
"bathymetry",0.0754869614342547,-89.5555555555555
"bathymetry",0.0860509277351518,-85.4848484848484
"bathymetry",0.0979366522678492,-81.4141414141414
"bathymetry",0.111264222658081,-77.3434343434343
"bathymetry",0.126151819214738,-73.2727272727273
"bathymetry",0.142711560661303,-69.2020202020202
"bathymetry",0.16104446060196,-65.1313131313131
"bathymetry",0.181234555626857,-61.0606060606061
"bathymetry",0.203342369233062,-56.989898989899
"bathymetry",0.227398001344507,-52.9191919191919
"bathymetry",0.253394270701813,-48.8484848484848
"bathymetry",0.281280468590986,-44.7777777777778
"bathymetry",0.310957381891705,-40.7070707070707
"bathymetry",0.342274281617507,-36.6363636363636
"bathymetry",0.375028522005878,-32.5656565656565
"bathymetry",0.408968236642025,-28.4949494949495
"bathymetry",0.443798352308498,-24.4242424242424
"bathymetry",0.479189792791894,-20.3535353535353
"bathymetry",0.514791362637484,-16.2828282828282
"bathymetry",0.550243450321642,-12.2121212121212
"bathymetry",0.585192438952339,-8.14141414141415
"bathymetry",0.619304612156356,-4.07070707070704
"bathymetry",0.652278414633372,0
